"","site_code","total_shrub_density","total_cover","total_animals","aridity","Shannon","Species_Richness","Evenness"
"1","Carrizo_3",23,147.650613568638,429,3.493333333,0.776623385670235,7,0.399105470541518
"2","Carrizo_4",21,137.471853371007,453,3.070967742,1.200551816424,9,0.546394678453614
"3","Cuyama_1",27,250.620946639207,603,3.701388889,1.61963852780724,18,0.560356474347139
"4","Cuyama_2",22,197.987174559862,1631,3.701388889,0.940929909743741,16,0.339368728652849
"5","Tecopa_open",0,0,3,0.36492891,0.636514168294813,2,0.91829583405449
"6","Tecopa_shrub",42,50.6237810995786,50,0.36492891,0.688492021269253,5,0.427784144980146
