"","site_code","total_shrub_density","total_cover","total_animals","aridity","Shannon","Species_Richness","Evenness"
"1","Carrizo_3",23,147.65061357,179,3.493333333,1.257783794,13,0.490373734
"2","Carrizo_4",21,137.47185337,100,3.070967742,1.397181276,9,0.635884602
"3","Cuyama_1",27,250.6209467,72,3.701388889,1.728255224,9,0.786562849
"4","Cuyama_2",22,197.98717456,51,3.701388889,1.421756432,6,0.793497373
"5","Tecopa_open",0,0,32,0.36492891,1.307259543,5,0.812246023
"6","Tecopa_shrub",42,50.623781091,112,0.36492891,1.495165009,11,0.623532239
